PainelistaID;Cidade;Estado;Sexo;Nascimento
44C12860-704A-4BFC-AA76-46BD5604B60B;Uberlândia;MG;M;09/1994
46A9177F-BFC7-44A2-8572-545C76FC38E3;Itapeva;SP;F;05/1999
1E69D5A1-91BC-4966-A2C0-FFB6C3CF52D8;Taboão da Serra;SP;F;06/2001
E1BCA661-F67D-42FF-92D1-4DDC08B47238;Duque de Caxias;RJ;F;12/2004
D04CECFD-F857-43A8-8A06-46DC0927A63B;Belém;PA;F;10/1989
3C65FE7E-E1C9-469F-ACAD-70282BB27830;Niterói;RJ;F;05/1997
A97136D6-B370-4697-BDE0-352E4553015D;São João de Meriti;RJ;F;05/1996
7673A979-22C0-4040-939A-958EE9188544;Cuiabá;MT;F;04/1998
C4B1D30D-1559-4B31-9D84-CF58A1405258;Cuiabá;MT;F;10/2001
72B7761C-4E7D-452E-BB22-870A26C5B7D4;Belo Horizonte;MG;F;11/1994
DC0C519D-2A7D-42DE-B7F7-F33845033A08;São Paulo;SP;F;02/2003
742D4E96-8AB9-4184-B830-E62DF052F6CF;Belém;PA;M;05/2003
1A729714-3DA9-4AEB-ACD9-E19C85EE7BE4;Duque de Caxias;RJ;F;03/1978
7348CAC2-6530-4305-8D1F-87B9D7DF4608;Ferraz de Vasconcelos;SP;F;08/1986
CE00DE97-01D6-486D-804A-08EFECD3C23B;Belo Horizonte;MG;F;06/1973
6E9F63D2-3437-4650-A316-1B391CBC551E;Rio de Janeiro;RJ;F;06/1986
949FE304-9D24-4727-BEEA-9EB582613EE3;Aparecida de Goiânia;GO;F;01/2002
805851BE-F2D0-456B-9C9C-C43593C3F4F3;Ponta Grossa;PR;M;12/2002
4F58DADF-3BEC-4E47-95A7-F7CDD80A4EC9;Montes Claros;MG;F;10/1982
895EBBC3-C1F2-462A-B970-FD9306292E41;Embu das Artes;SP;F;11/1975
B6378D7A-52B1-4936-ACC7-CF1E1F70D089;Novo Cruzeiro;MG;M;02/2006
60E63D2E-6A86-45BB-863A-5DF40724B67F;Iracema;CE;M;03/1985
1BC7C51E-4091-4AC6-91D2-0E4DC211FA31;Campinas;SP;F;04/1991
6D27C62B-0F64-4EA5-B1B4-60315889468E;Ananindeua;PA;F;12/2000
C91A3962-AE08-4546-8B80-B64D8681795B;Curitiba;PR;F;11/1984
152D6BA5-FFD1-4CEE-8536-339498F5D03B;Belém;PA;M;03/1996
F173C1EC-FC38-44F0-8121-187A6E59E898;Ibiúna;SP;F;02/1996
8723C1AD-FD69-46C4-B652-4161B496D7DD;Belém;PA;M;08/1999
43DE7420-5CD1-4AB1-BE65-E26ADD41DC7C;Belém;PA;F;03/2002
D009146B-E660-4BA1-9143-E51168A00FAD;Manaus;AM;F;12/2001
C45ABAA1-0ED7-4762-AB21-D7547F8B6DCC;São Gonçalo;RJ;F;02/1995
7ACF53A9-2344-4879-9D6E-64B39ED24593;São Paulo;SP;F;04/1988
97B50B1B-0BC9-4DB1-A1D0-8F4F42AE1E6D;Santa Rita;PB;F;02/1970
49756589-0D60-4D4B-B860-C5D4C9E6F7EC;Santarém;PA;F;10/2001
4ED3E6F9-2A6C-4827-9157-9B6E33C3CC35;Manaus;AM;F;05/1990
D2968A3A-3385-4738-A375-A768CF58482C;Macaé;RJ;F;01/1996
A6731937-87CB-4F7A-A4EB-616992AF5543;Santo Antônio de Jesus;BA;F;04/1986
1DF50DE1-52A8-4B51-9D32-3608F599AFDF;Embu das Artes;SP;F;01/2002
18DA0725-F1EE-4255-BC21-D5DB41F3C32B;Belford Roxo;RJ;F;08/1994
21C6AF22-41D9-4D9B-8432-B72A3F8EEBC6;Joinville;SC;F;11/1962
39908E43-CB00-48EA-A373-8EF2F203B520;Itaperuçu;PR;F;10/2004
0EF7E18E-1F11-437F-A24E-451F9865DF89;Pederneiras;SP;M;03/1996
6D42231E-6A77-40AB-BD91-4261D5A5112F;Camaçari;BA;F;08/2003
9292495D-2B6A-4893-9241-201F529F8607;Buriticupu;MA;F;01/2001
2163CE05-7202-4485-B98D-23378C761C70;Jandira;SP;F;08/2003
B02599C7-11CF-478A-BB09-4FBCE7C57502;São Paulo;SP;M;06/1983
05711641-77F2-4A64-A066-F6C51CF53B2C;Belo Horizonte;MG;F;10/1985
CEC9A01E-4CB5-47C5-B38F-0A4893CB6099;Manaus;AM;F;05/2004
C019D8BC-2764-4D4D-94AF-0EC3EF000820;São Paulo;SP;F;03/1996
B40BA108-726E-4A1C-A520-D1EE5C356535;Belo Horizonte;MG;M;02/1998
C5A139D2-8F77-47F9-9047-816277722A2C;Cubatão;SP;M;08/2000
4938E21F-CE2B-4966-BA11-813055FFC920;São José dos Pinhais;PR;M;10/1998
1D25FE26-7E03-4F09-8B9C-3BA03E774C13;Ananindeua;PA;F;06/1997
70D7100C-9316-4D38-B1D3-C4B1FE9EB989;Itapecuru Mirim;MA;F;05/2002
30A21CE6-2560-48A3-8D92-21A8566CFEDB;Manaus;AM;M;01/2003
CE4095AB-4FE5-4ED4-9585-5E65E8BEF881;São Paulo;SP;F;11/2000
83933E09-F580-47F5-8B3E-FA110A64A0BC;Parazinho;RN;M;03/1999
7578F2FA-504B-41D6-8B40-91AB3F6A53E0;Fortaleza;CE;M;12/2000
3AC1E105-1538-4B40-9F69-092F464D29EE;São Paulo;SP;F;02/1970
9AA73735-7970-493C-9732-FA6548501E7F;Recife;PE;F;09/1985
D868FFAA-9B36-46FB-9840-A0E852FD4849;Belém;PA;F;03/2004
D623DE80-6CC9-42FD-850C-7CBCA36C06D5;Itaguaí;RJ;F;06/1968
98D71784-F044-401C-8C2F-5C5C32D821BC;Poté;MG;F;05/2005
DEE90998-1A23-458C-9E48-3DD7784D5A78;São Gonçalo;RJ;M;11/1976
7CFCBE09-B1E1-4866-BCC2-4FC44F1BCD78;Alvorada;RS;F;06/2005
9C722FFC-3F87-461E-A43B-2AC4233E6213;Santa Cruz das Palmeiras;SP;F;06/2003
1760BA0B-FC9F-468B-BE0F-C6D55017BDFF;Bagre;PA;M;01/2006
0C6D7499-8849-4B61-B60A-3F22E8B86414;Palhoça;SC;F;02/1977
DA14D7A9-311D-4870-848E-0F8F0F7EED15;São Gonçalo do Amarante;RN;F;11/1994
5B9D8BBD-5D56-4F69-B508-B70E4C9D842B;Manaus;AM;M;07/1999
3B9A5C13-3C57-4C91-B7C0-86411F3E6B72;Porto Alegre;RS;M;10/2003
0EF221DB-C87C-404E-9934-01569EA4A78E;Itajubá;MG;F;05/1993
8BC39BCC-56F0-49EF-A51B-E952BD18E95A;Cajati;SP;F;02/1995
EE0AD480-1C06-459C-AEEF-0F0C5BB431D1;São Paulo;SP;F;03/1990
5B5B19C7-B076-46C8-B298-5F06177D0191;Paulista;PE;F;12/1997
B983716E-D0C5-4A86-B702-7181082DE735;Santa Cruz do Rio Pardo;SP;F;04/1977
9079E0D0-EC08-4D5F-A010-C13A39F8A3AA;Belém;PA;F;09/2003
01DC7967-448A-483A-9ACD-E846B3A31484;Sabará;MG;F;12/2002
6B0135C9-879A-4529-87B7-575D78E58D45;Carapicuíba;SP;F;03/1999
9FC577D6-AA68-41A0-8558-6A66D8CEA829;Breves;PA;F;05/1999
3AC413FF-2D6A-4CDC-BA62-71B17216C7A8;Campina Grande;PB;F;06/2002
872B5FDD-D03A-4F12-A278-3340CEFCCA61;Santa Maria;RS;M;05/1979
EF48DB41-4D83-4B5C-85CB-62314F80292F;São Paulo;SP;F;07/2003
870DDF00-8A04-40FA-9CBC-7D487F3C4263;São Luís;MA;F;06/1998
DAFC86D0-DF60-4ABD-B8B0-D4BF7B91AD22;Ouroeste;SP;F;07/1996
498C2DD9-E4A0-4233-9C6F-DBA792F56717;São Gonçalo;RJ;F;08/1988
801D200D-40CF-4EE3-A6EF-00675779F545;Franco da Rocha;SP;F;04/1986
B7FF8E09-1A39-4632-95A9-12A9372936B8;Ponta Grossa;PR;F;10/2002
D25E25A6-CD03-4051-B942-2CAF35583B81;Fortaleza;CE;F;06/1982
E380D95F-EE1C-4C01-83A0-983E8DF277CB;Ferraz de Vasconcelos;SP;M;06/2001
5069F673-9BAE-482A-ADEB-C9FC58FC5421;Itaboraí;RJ;F;05/2005
0D251ECD-28A2-4048-BD4F-1BD571B8E49F;São Pedro da Aldeia;RJ;M;08/1982
6EC90858-EED0-4B7F-AE81-BF941F3F653F;São Joaquim da Barra;SP;F;08/1992
63302E50-BB23-4A67-A299-E12ACAB5FF8D;Amparo;SP;F;04/2002
1EF9181A-74FB-4B98-AB94-66D15485EDF6;Belém;PA;M;05/2002
2CAB38AF-9E66-4DDD-88EB-5CDF24AF627E;Itambé;BA;M;08/2003
E6295681-02C6-493C-93D8-BB1B8D355B9C;Piedade;SP;M;11/1986
327102E0-8D3E-44B9-8F47-0533C0296188;Belo Horizonte;MG;F;09/1981
047F1313-AD73-46C6-9332-9D8FC1586408;Maringá;PR;F;12/1973
44BD390D-3203-4DB5-85C3-15F7B64DA978;Curitiba;PR;F;01/2001
397C7735-F365-479B-94E0-BCD7FA90CE4E;Teresina;PI;F;05/2002
59D1FFC0-038C-4192-BFF1-31C3EFFDE1DE;Campo Largo;PR;F;09/1992
7B56021B-B119-4B6D-A8DF-CD674395C8B9;Capivari;SP;F;03/1997
A7A2929C-ADB4-48C9-A8BA-D5C7499888EC;Jardim;MS;M;09/1994
8102B20B-96F9-45A2-AC37-0A41FCDC2AEE;São Sebastião do Passe;BA;F;04/1994
A6B859D8-3C30-42E0-B90C-82D68DB7ABE7;Biguaçu;SC;F;08/2002
E3F2533B-CED6-4A3D-A9C2-5313E0A564CD;Nova Iguaçu;RJ;F;03/2007
0889A11F-DB67-484F-A36E-F0CE89FCAE81;Sobral;CE;M;03/1998
53241D8A-42D0-40F3-8AF7-CD100BDF1D53;Teresina;PI;F;02/1996
69251FDE-3D0B-4072-8E49-74B70755848E;Primavera do Leste;MT;F;01/1994
AF1D6317-4548-4FC9-AFB8-434B796729C5;Salinas da Margarida;BA;M;09/1996
0F882C7D-E3F2-40C3-A5EE-4EEAE1785B1C;São Gonçalo;RJ;F;03/1971
B2B169AC-6DFD-4D26-8BCE-BB4B091FD026;São José;SC;F;04/1998
2D896BF6-4D7F-4383-A6AD-B96FBD1FEF53;Nova Iguaçu;RJ;F;08/2002
FED85C55-8A13-435A-B51C-75934CC5E13A;Nova Iguaçu;RJ;F;04/1984
1CC4FCFB-9DF7-42F7-BC45-85EAACC35DE5;Campinas;SP;M;03/1988
ED9038B1-D7DB-48E0-824B-1712B2E6DA10;Nova Petrópolis;RS;F;03/1980
71243EFD-AD52-46C2-984E-DD536B6FB8D5;Uberaba;MG;F;09/2000
AA372605-3886-4D60-ADE0-DA9D6BD82C67;Manaus;AM;F;02/1994
1D6D4E8C-1181-467A-A0EC-425B0B26CD8E;Salinópolis;PA;F;08/2001
CF2FF167-8725-43D9-AE50-C9EC2ED02396;São Paulo;SP;F;05/1969
9B972D96-1511-479D-B9D4-0B4D2A0980A1;Timbaúba;PE;F;05/1993
8153A635-048A-445B-9B42-11789493A71E;Mairiporã;SP;F;06/2003
3590712E-7113-4B3F-BDB8-BF6F8692A0AA;Belém;PA;F;09/1997
55ACCEFE-A65F-409D-A87B-AF592598C827;Rio de Janeiro;RJ;M;11/1995
0699D6F3-5479-4648-AB30-A903FB5451B8;Ananindeua;PA;M;06/1989
838D2CC9-B571-4BA9-AF03-6ED3250F8E2F;Santa Teresa;ES;F;10/1986
F8B52AB2-4B63-49B4-AA6E-2C2A0879211D;Aracaju;SE;M;06/1995
EFE32EB2-ADA1-4BEB-A837-BF38664A58BC;Rio de Janeiro;RJ;M;03/1984
D5CA2337-C2F6-41B7-A50F-08843C57A709;Manaus;AM;F;11/1989
F8AF5FC5-3FFE-4CAE-B774-A9ED524B2807;Taiobeiras;MG;F;04/2001
928FECAC-3041-47BF-9337-63A1E0DCECE9;Guarujá;SP;F;12/1993
B1FA6D66-D061-4710-82EE-E3C2337397A6;Jequitaí;MG;F;01/2002
99966788-20F3-4BD1-B0B1-F19F2745863E;Duque de Caxias;RJ;F;01/1979
2DD85C8B-CD39-4235-9581-5BED4D40B44C;Sento Sé;BA;F;06/1989
B9446EEF-1C34-4F54-97A4-9EDCD837A738;São João de Meriti;RJ;F;09/1988
F53BC2C5-5BF2-4E74-A9C8-24AE3E0AAD28;Osasco;SP;F;08/1982
8671C8D5-154D-4CB1-80B8-86550405C7D0;Santana;AP;F;09/1999
8F07B256-2C28-4053-A30F-AD68C56C1BA3;Ananindeua;PA;F;12/1998
E7B3EECE-1688-40D7-A431-B1E1E83C08B5;Suzano;SP;F;12/2004
35563C70-031B-4672-884C-9E3A79FF3484;Janiópolis;PR;F;02/1995
60B769D4-408C-479B-A35D-8AFA756EC50D;Itaboraí;RJ;F;09/2000
770F687E-ED13-4D34-B192-88095AD8707E;São Vicente;SP;F;02/2002
D7E93373-5DC5-4F94-9B71-F721D18B91E4;São Paulo;SP;M;10/2002
57DBE1A7-5AAE-41C4-9BDB-092C776221BB;São Paulo;SP;F;08/1958
9F044604-43E1-4692-AEE8-BB17D935E97F;Duque de Caxias;RJ;M;06/2002
3E316302-94E3-421C-A31C-B2BD469CAA42;Campina Grande;PB;F;05/1999
E76DEA6A-906A-49EB-8FAA-6AEFFE34B3DC;Gurupi;TO;M;01/1976
3D7D37FE-F686-431F-A59F-B9A5A5907D0A;Manaus;AM;M;06/2001
EAC646E8-2FB9-4A57-9B06-490C89DF8A17;Ilhéus;BA;F;10/1996
E76F941C-92BE-41CB-8D66-912A992CF7BD;São Paulo;SP;F;10/1998
F5627EDF-C2B5-4904-AC6C-B239CFCD93BE;Rio de Janeiro;RJ;F;02/1975
C1F02748-E5D5-4BCC-A247-D8A588872B83;São Gabriel do Oeste;MS;M;12/1997
EBB0A849-8C1E-423A-A906-EBE246A1479C;Porto Grande;AP;M;07/1999
CFFA9658-F442-4B78-A268-E32B09B1FC28;Araçatuba;SP;M;03/1994
42B1C07D-264B-4519-8969-0E345E5AD173;Fortaleza;CE;M;04/1975
1A9A76A2-CC8F-4972-BC18-F244B5085F14;Natal;RN;M;11/2003
8432D41A-8A34-42D1-A4BD-8175B84145AC;Cascavel;PR;F;01/2002
EB7BACD2-F5C6-4693-84E6-C7D3A78BC34E;Timon;MA;F;10/2001
3A277331-190A-4EE7-90A0-DCD2775014F3;Abaetetuba;PA;F;02/1998
76EB63DD-70A7-4CEA-BD6A-D9D4FC9F4A1C;Campinas;SP;F;12/1981
BE29ADEC-AD32-413B-B6DD-E2721FFA50DD;Mortugaba;BA;F;08/1999
2068AD99-CCFC-4910-A72B-44394E76BA7B;Itu;SP;F;07/1985
CEFC721B-CEB9-4E0D-9F0D-9D7211652A1C;Aquidauana;MS;F;04/2002
8EBB57C5-2B75-485F-A6FE-62C00E3200EE;Mairinque;SP;F;01/1998
F2FF80BD-9C23-4E3C-9CF7-9FBF8C773C8C;Aracaju;SE;F;03/1970
CFDBCE38-A48D-46AD-9103-489A4B8FE1A1;Macaé;RJ;F;06/1997
42663C84-E52A-468E-871B-65D6155CC644;Magé;RJ;F;07/1996
B2A3C462-6438-480B-B51A-DB86BA0CC7E1;São Paulo;SP;F;07/1985
65A647A3-A988-4072-8A43-98DD338076E4;Manaus;AM;M;02/2001
99358034-B5DF-4A79-872D-3228E36A8FCD;Belém;PA;F;08/2004
353804B2-915D-4103-A125-8B151169248B;Francisco Morato;SP;M;03/1988
3A11A747-998B-4D31-B3AF-44E9260859AC;Campinas;SP;F;05/1997
6F90DA31-2EAE-42AF-8EC6-FB064A6966B5;Manaus;AM;F;04/1992
33394461-CC93-40C5-A68F-2BDEDA2A193A;Porto Alegre;RS;F;03/1989
7000C3AD-7C21-4050-9ABA-E134B55EE8B5;Rio de Janeiro;RJ;F;11/1998
0B209449-88C3-4137-AF65-AE9397086510;Manaus;AM;M;07/1996
9E23D7ED-0FA5-4FF9-94C5-2DB296638C91;Sobral;CE;F;07/1998
10F5FE37-1140-4A35-A656-3FA9A21C1E93;Borba;AM;F;09/1975
8F3316DB-F34F-4384-94B8-0C4392C8C93C;Guarulhos;SP;F;04/2006
26B93FC5-CABE-4EA7-AC49-8F7DFA1A35F6;Recife;PE;F;05/1978
0FBCB6BA-9BE6-42C6-94AA-6B75FACAA5C2;Santa Inês;MA;M;07/2001
731328A8-3F08-4D61-A3BB-522CAE88FE1F;Rio Verde;GO;F;02/2001
263450CC-E0C1-44FE-8003-0F8C996F07B7;Curitiba;PR;F;08/2001
A473B299-5279-467D-B507-633739B225BF;Brasília;DF;M;12/1996
748DC71D-4EF8-43FF-92C5-70394266D796;São José do Cedro;SC;F;08/1994
178785F1-1602-4DDF-829F-33136EF1F1BD;Ibiúna;SP;F;06/1992
28E96F76-0588-4E8A-A524-38CE6CD9A184;São Paulo;SP;F;08/1985
DC88CBAE-D81D-4BD0-B234-AC9AE268A764;Sorocaba;SP;F;08/2002
232DB22C-CC0D-474C-BE30-6139753BB4AB;Ananindeua;PA;F;03/2000
2A46FA92-666A-4D9A-B159-B08709DDDF73;Comodoro;MT;M;10/1992
F9A0BC72-3D83-4944-8896-CF5E04E7FF85;Várzea Grande;MT;F;02/2002
BBB8C430-C452-45D4-97E4-7B06F9F761D6;Chapecó;SC;F;08/1986
0D18F2BD-CA8D-478A-8521-CDD9B3B0C751;Ponta Grossa;PR;F;08/1990
FC52341F-AE0D-4818-A0FB-047ACE028687;Itaquaquecetuba;SP;M;02/1991
07DC2F30-CFC1-4617-A721-164811E71985;Coité do Nóia;AL;F;03/2002
6643C83E-2369-4B51-B6B4-3AC0AD35A965;Concórdia;SC;F;04/1998
25E4D681-32B5-431F-BE59-6A19F4C1A277;Alvorada;RS;F;06/2004
D458406A-D4CE-460E-83DE-FB2CB47D16CB;Aracaju;SE;F;05/2002
D094AA63-F7B9-4335-BAE7-FCC31B2900E6;São Gonçalo;RJ;F;08/1996
1B4B6EE0-CFFA-4809-A9C7-23C3336384F8;Santos;SP;F;09/1998
BB8694E0-D8F6-4CCD-A3FB-D3DF7BD320D8;Corinto;MG;F;12/2002
6BB21482-5420-4052-907F-951E57A9A66C;São Vicente;SP;F;07/2004
7AFB5E9A-D8EA-413C-B983-12295263280D;Jacundá;PA;F;09/1996
ECF3C5FB-7158-4423-AA53-5A1B0A77D02E;Salvador;BA;F;04/2003
983415DD-BDAB-43CA-BCCF-274366E43943;Guaíra;PR;M;10/1995
BE5B8C5C-438F-4940-9300-87B42FCC2D18;Iranduba;AM;M;06/2003
73DB53EF-9573-4CBA-8280-C58E2D88B8A4;São João Batista;MA;M;09/1999
87F85632-B611-4BE3-BB65-E46C775AB8E5;Salvador;BA;F;03/2000
250320B5-3BF9-448B-AD1D-CABBC85E979E;Rio das Ostras;RJ;F;06/1989
47A682CA-EE48-458E-8C65-794443E1EF52;Colniza;MT;F;07/2004
1DAA262B-9DBA-4076-85A6-3D51BE267854;Montes Claros;MG;F;10/1998
0DF855B6-60EF-47FE-98CD-ECE0AD09FCFC;Piratini;RS;F;06/2002
90E8BDC9-7DF2-4E5A-8121-141E5016FBA8;Itajá;RN;F;09/1997
48317CC8-0830-4F53-8441-CBF6DFC04166;Pindobaçu;BA;F;06/1998
4F196FD5-9328-4E9F-8146-0F5FDC586847;Rio Grande da Serra;SP;F;05/1997
259BC68D-6C2B-4B65-AFAC-02FD468FCAEE;Ituiutaba;MG;F;05/2003
130D153A-8E9A-4DCF-920C-65A9A3663D30;Campos dos Goytacazes;RJ;F;12/2003
D6CABA09-FB0B-4A8B-95F6-FC96C93FD2C2;Jundiaí;SP;F;01/1995
97D2E7FD-D8B8-4F45-84B9-954202CBCB21;Belém;PA;F;08/1997
B2D193C0-C396-43BD-B2DE-71E7CA3ED83A;Ulianópolis;PA;F;10/1987
82BD1B9A-D2C2-4B5F-87D5-6AB4D260FF87;Delmiro Gouveia;AL;F;10/2003
1056CA6D-897B-43A1-B24D-EB3690786FFF;Rio de Janeiro;RJ;F;04/1976
4490D4FF-1DB8-440B-8EC4-A34ACEC4A9D0;Ananindeua;PA;M;03/2000
E2BCD9B9-5E27-497F-B6C3-FA0A9EADBC1F;Santaluz;BA;M;10/2002
6D5868B8-9955-4A34-ACED-9CC5063EDD13;São Paulo;SP;F;12/1997
9F7380CD-8FEB-4FD1-B4D3-1A1064E3F1A1;Rio Grande;RS;F;08/2000
69F4BB51-9792-4C1C-AC52-3F8FDA20A3C2;São Paulo;SP;F;10/2002
1DBDE115-13BD-41AC-A158-7A1C66AB2DE6;Regente Feijó;SP;F;05/2003
3A8817A6-0CDA-4240-B6DA-30F66A844D32;Penápolis;SP;M;06/1969
BFBCCA29-3578-46BC-937A-159B9ABB522F;Lages;SC;M;09/2002
5A380C97-23B4-458D-9340-A66F46E131DC;Imbituva;PR;M;10/1990
FF5F563F-E4F2-4741-A8BB-74F019D489E8;Serra;ES;M;07/1963
24889CDE-F3F5-42A2-B662-186F5D979B50;Guaratinga;BA;F;04/2000
F9436F23-2225-4A6C-B82A-D4EEB5A376D0;Iguatu;CE;M;03/1991
DB6C7F7F-A6B6-4D73-84BC-B8986CF70E18;Criciúma;SC;F;12/1990
5FAE79C0-D291-4A21-AFDE-4EC4ABA526AD;Sobradinho;RS;F;08/1984
781597E8-221B-4B92-9F7B-BBE58B2C8447;Rio de Janeiro;RJ;F;03/1990
6F1D6A18-6DF7-4C83-A3DC-937BBAE03940;Taboleiro Grande;RN;F;08/1985
F5D6FB4C-3BE0-48AB-BD0A-C41624EE49B6;Abaetetuba;PA;M;10/2004
96B2A6F8-B3D1-4438-A31D-1AC8899DD8D6;Vassouras;RJ;F;01/2004
F12DF0AD-5A1A-4BE0-A95C-4AF53D127734;Conchal;SP;F;02/2000
99D18E35-DB43-450D-86E5-B26FAEB29645;João Pessoa;PB;M;01/1983
27D05A40-9A02-400A-B37D-8174C9772095;Rio de Janeiro;RJ;F;04/1975
C5D2B9CE-FEBC-4222-B234-9CA1F9535DDC;Manaus;AM;F;02/1997
F3B6AE55-1E68-41FA-BC9B-74AFF16D588F;Canoas;RS;M;06/1993
EAED60ED-76D2-4DD1-A045-DABAE22137EB;Crateús;CE;F;08/2000
1540421B-C1E9-40C1-A685-80EAECC642DC;São Paulo;SP;F;06/1980
2DA6CB73-329A-4846-B5FF-74031EE07362;Castanhal;PA;F;08/2000
EA439597-D6CF-46EA-B392-E25C2DC25449;Fortaleza;CE;F;05/1985
6602996B-33FA-4E44-9182-0DCD2B4EC0B3;Taubaté;SP;F;11/1999
EC44D03E-272A-41D8-AB8C-726882C9B2AE;Foz do Iguaçu;PR;F;03/1993
08B4CFBB-C4AB-4C5B-B94E-674A1675E8EC;Maceió;AL;M;05/2005
DD1CCB24-423D-49F7-BCB4-6941DDD1E45F;Diadema;SP;M;08/1997
4C0CCB4C-A6E7-4C32-AE3C-F66E0E75CA73;São Paulo;SP;F;11/1985
02603CC2-687B-461E-8AB3-8ACB39BF53BD;Castanhal;PA;F;07/2002
F8863621-5EE3-4F70-912A-2D3EA79F0370;Uberaba;MG;M;10/2003
AAE9146B-7CAF-4D48-930B-20C75175DC3F;Santarém;PA;F;10/2005
FF46A32E-5CE8-49B8-8C6B-053EA50426EC;Porto Alegre;RS;F;12/2002
00310FB6-5880-4C5F-AE8D-17F6DEAFF319;Brasília;DF;M;08/1992
52D46166-378B-4C17-A57A-2723729091E5;Ponta Grossa;PR;F;10/2001
D28746B0-A0F7-4A28-8C0A-64B44C0046E4;Seropédica;RJ;F;06/1981
5E64F0E5-2B37-4339-BD38-4345A5AAFEA4;São Paulo;SP;F;05/1968
B73FBDD1-98F0-4400-A0BB-66BBA0EA005A;Macapá;AP;F;05/2003
353ED9F3-BFCC-43FE-A9F4-F23F0F5ED6BA;Santo Antônio da Alegria;SP;M;10/1998
B08B064F-0186-4427-BF25-FD3CB8CADAF0;Osasco;SP;M;05/1975
1270948E-8FA4-4EBC-B40E-1AF26B474770;São Paulo;SP;M;01/1982
85941327-2AF0-4798-B6AD-4FAF08C48177;Belém;PA;F;04/2002
A233BFF2-3D27-41C5-A591-571A72FB67B2;Brasília;DF;M;10/1991
10740C66-0998-46D7-93EA-A79E1A58254E;Ouro Fino;MG;M;01/1971
D38FE4A3-7593-45C8-A048-7A0038F91F8D;Ananindeua;PA;F;01/2001
FA6F0E3D-0C38-4BF1-A3C1-8DA9DAED1F5F;Maceió;AL;M;04/2002
C3CA82D4-17B0-4B75-BCCD-D53E8A348736;Duartina;SP;F;06/1975
2781D105-74CF-4A8B-A1BF-DFD16875B9AF;Itacoatiara;AM;F;02/2005
84B607C1-CC28-4C3A-8F02-F8AF8E709D06;Manaus;AM;M;12/1999
21A94E94-4761-4EFF-859A-6A7AD978A7F1;Foz do Iguaçu;PR;F;07/1971
061E059A-992B-4925-A38C-488F5E00C4F4;Parintins;AM;F;03/2001
63D9C737-2C58-47B8-ADF3-803B277AEC05;Rio de Janeiro;RJ;M;02/1997
6232D464-F833-43FA-A12A-4A80F154EFBF;Bragança;PA;F;10/2001
AC8607F2-9456-4684-BE70-7661F3EF8975;Januária;MG;M;12/2002
BB5F80DB-0F04-44F1-ADB6-E72F7DC3D3C9;São José de Ribamar;MA;M;08/2001
D14725CF-BC14-4D8C-8E6F-3FE1D83301D3;Campinas;SP;F;11/1983
E9C872E5-31B9-4297-9D89-73D0A8C346B9;Teresina;PI;F;06/2003
E93EDB3B-81FE-4BCA-A1A4-5A13EFFCD7C3;Barreirinha;AM;F;10/1969
3DCA0DC9-F6DD-4362-A141-F5B5387970BA;Paulistana;PI;F;12/2003
E7C72BE1-F7AB-4B77-95AD-C55E4D7A5AB9;Pirajuí;SP;F;01/2000
39D8177B-C867-4E6D-9B33-DD0B3A64B253;Turmalina;MG;M;04/1995
3FE1238D-2CED-44E8-A834-42E802AD43F6;Angra dos Reis;RJ;M;03/2002
B66C8DB8-7D66-4575-B14F-35EECB22EA57;Governador Valadares;MG;F;04/2000
73F2333F-AD59-4E5F-B133-409BC648EB94;São João de Meriti;RJ;M;06/1994
5EFD26EB-49A4-421F-A87E-2A9C17166BA0;Contagem;MG;F;07/1981
537BA63D-1A7E-4A3A-AB79-DA5813AFEBAE;Ibitiara;BA;M;12/2002
B6C93DDC-89A0-444F-847D-CBE67FEDD86C;Manaus;AM;M;11/1998
91ACBAC5-2376-4749-8212-9072BE8F9547;Manaus;AM;F;06/2003
5AB29731-92EF-4410-877B-E799B1B295F1;Rolim de Moura;RO;F;01/2002
5DCFD723-4B6F-4B26-835D-A1F4F415BB10;Brasília;DF;F;10/2002
24483B30-E6B5-4DA2-B7CC-D9DE8304E85E;Cornélio Procópio;PR;F;09/1985
087B5B23-F9B0-462C-BDB6-32AAFCA9DA73;Juazeiro;BA;F;01/1993
1AB8CE42-D5D1-49B0-866B-CEB06EBFF696;São Paulo;SP;F;06/1992
88676527-8B99-4EE6-95E0-1F1328134AB3;Bacabal;MA;F;09/2001
73CE622B-02EB-460F-A4B0-351793D26CFA;Itaboraí;RJ;F;12/1999
66BB4BB0-E9E6-440A-89C4-0E8DC47ECBD5;São Mamede;PB;F;05/1980
E324002C-1FC9-4965-9C94-545A08DE904B;São Cristóvão;SE;F;06/1986
471334F6-2871-4CDF-93CF-F6F7A500FBEB;Camboriú;SC;F;06/1998
0FDDCC61-1213-421D-B30F-2E599611FE5D;Itaguaí;RJ;M;12/1982
EA106C06-E77D-48BE-BE1B-2443162BF7D8;São Paulo;SP;F;12/1975
54FBDCF0-D8BD-41B7-B1BF-2B109B3279D3;Campo Redondo;RN;F;08/1994
8E9DD91A-C274-4DA0-A81A-DC17F0A0C22B;Ribeirão Preto;SP;F;07/1995
128060FD-D5D0-467C-A729-A70D83FDADF0;Manaus;AM;M;10/1997
449FB459-D724-4280-A0BB-BF65A8219159;São Paulo;SP;F;10/1996
8201FBE6-5980-49AE-9EC1-0BAF57CAAD8D;Piracicaba;SP;F;01/1985
B0DBC738-ECF2-42BB-B49C-920735D57CAF;Dourados;MS;M;12/1997
0097137A-FD2B-4591-8ACF-5F8456412CB5;Manaus;AM;M;03/1997
3B55D026-DAC5-4E97-901B-6D863156B272;Tapes;RS;F;08/1984
C33DE665-FC68-4938-9B8B-B6E28C2BB967;João Pessoa;PB;F;07/1989
AA817F6E-F2B8-4828-8AD4-69F9D048650A;Rio Preto da Eva;AM;F;09/1984
28A6DF24-78EE-426A-8936-125F5B66BBF4;Praia Grande;SP;F;12/1999
40645CE3-CECF-4CDD-A9E7-F9BF9B1CD0AF;Caldas Novas;GO;M;03/1998
2E3AF692-6F33-462B-A564-58C25655F063;Moreno;PE;F;08/1996
080C3CDE-E168-4A52-8FF3-8BFBCFE5AAF4;Belém;PA;F;01/1993
F61D46D1-5F2D-4EB3-A793-79726E4FB64E;João Pessoa;PB;F;04/1997
23FD6F3B-F241-427C-88F4-23E10FD02457;Meruoca;CE;F;05/2001
991FC69E-5E88-4D87-9295-95C1E768C40D;Guararapes;SP;F;02/1996
6087F39D-31E6-4DEE-9E74-065B41E0654B;Vespasiano;MG;F;03/1985
BFD17927-1142-4C36-A446-E3A3744C9EB1;Araguaína;TO;F;08/1994
AB3EEBAD-2E04-4307-BFF6-32FCE631D12F;Rio de Janeiro;RJ;F;04/2000
D62249BD-940E-456A-8387-CCE4395938F3;Votorantim;SP;M;04/1939
93B632A0-8BD5-4089-BF3E-9D6C0F8F2A5F;Rio de Janeiro;RJ;M;02/1982
224B3B24-1D05-4FDB-803C-71285FD93418;Juazeiro;BA;F;09/1996
C68F49FE-8595-46FC-94E2-E4A071E1712E;Quintana;SP;F;09/1996
A2B07013-3980-4D8A-8B16-03C3065098D1;Salvador;BA;F;12/1993
4FF517AB-2280-4EB1-84A7-7AC80722454F;São Paulo;SP;F;12/2000
6620DDEA-9455-449B-814C-387854C79D6A;Brasília;DF;F;12/2003
0700302F-AAFC-43F9-8E4F-1B5A45F338A8;Mulungu do Morro;BA;M;10/1999
21CCA9C9-46C1-414B-A857-4B7B8E79C362;Entre Rios;BA;F;09/2004
44263FDE-3192-410A-BF11-EA715CB1B86C;Iranduba;AM;F;08/1987
922057FC-2036-45A1-BDF1-8049FD3040E3;Salvador;BA;F;08/1997
4D2BFBDF-B43B-4550-B18F-59CF049AAC3C;Contagem;MG;F;01/1998
0799DFBB-032C-4ED2-98EE-B59200896CC9;São Paulo;SP;F;04/2001
28AFDB08-9014-4C8E-9E8A-C1D692CC43EC;São José dos Pinhais;PR;F;01/1987
060F72E5-A6A6-43F0-9AF4-1D0141858604;Votuporanga;SP;F;02/1981
B8E60973-99D1-4DA0-A959-7F06C7EE54C2;Duque de Caxias;RJ;F;10/1993
91B6CABF-AB9D-4F04-A2F2-820023B82B1B;Guarujá;SP;F;10/1999
C7461DA2-0E7F-473E-94B0-8B574A811BDB;Belém;PA;F;08/1997
1B8BCF56-D3C9-45D1-B016-2D3BC5A99C65;Belém;PA;F;12/2001
B60C63CE-59F3-4A4D-A9AE-7AADE80847B3;Barueri;SP;F;01/2003
C05AA57A-F0ED-48F8-AC00-B2B342A1711A;Carapicuíba;SP;F;10/1990
ED337E84-D13B-47D7-AADB-2DBF331C838E;Queluz;SP;F;06/2001
D91BE32C-2A87-4D65-A069-E2BBE4FFE6BA;Cambé;PR;F;05/1999
96929B6E-4B2C-455C-B478-546FFF45D156;São Gonçalo;RJ;F;06/1989
EB179C7E-F875-47BA-B4CE-98DA605367FD;Mococa;SP;F;05/2003
6F63DBD5-B06C-4CF3-8C48-1D6E654D41CE;Rio Grande;RS;F;02/1990
BB137228-E542-4E56-AA06-814BA8C03C9C;Maceió;AL;M;05/2000
724164BB-432B-417E-A62C-2CDDFC6B1E47;Rio de Janeiro;RJ;M;11/1979
39A7D1F5-6B2F-4DD8-9F51-22BF4F0C25F7;São João de Meriti;RJ;F;01/1988
2C1F699F-5178-40BE-AF54-988276062268;Manaus;AM;F;06/2001
9A8C5F7F-4A51-4016-B7D2-7D6A3A09A017;Rio de Janeiro;RJ;F;01/2002
EF67712B-3381-421B-B56B-143A74AB3F08;Sapucaia do Sul;RS;F;09/2002
91B79F20-FAFA-4225-8AEA-BD2D8E74128D;Atibaia;SP;F;04/1997
FDA8F79D-98A9-43AA-8542-1AF164F58A9E;Paratinga;BA;M;06/1986
3243FF86-40A8-4883-A57E-D917100EF214;Belford Roxo;RJ;F;02/1981
A6AB4F7E-E54B-4FC7-82BF-410BD62BB8B7;Alhandra;PB;F;04/1990
6B304C89-2507-42D8-AFA4-4E81595F7E91;Regente Feijó;SP;F;11/1973
95D6BDF3-B73E-478E-AF5B-011D45092765;Porto Velho;RO;F;08/2000
C424E328-6743-45F0-BDA4-8C15CE8C28A4;Itaguaí;RJ;F;11/1992
2688A657-C01C-4A2D-B586-00BA0C589FDD;Manaus;AM;F;03/2000
D4F64FA1-E8C0-4620-8697-99C8BD6AB27B;Santa Luzia;MG;F;08/2003
B0D32C66-D896-49E7-8C91-F2AEF45C1802;São Bernardo;MA;F;02/1996
4DC9310C-1D1F-4E9C-B52B-B63DDA0967FD;Três Rios;RJ;F;01/1999
B64C2171-4EBF-4A6D-856B-AB9C9515B603;São Paulo;SP;M;12/1990
63F92282-EEC5-4174-8199-07B491CBABB7;Guarulhos;SP;F;02/1995
3201948D-C787-44FA-9F0C-1B4F83A57C30;Manaus;AM;F;07/2003
67643D51-BA58-490D-B7BB-FEB65F0247BB;Brasília;DF;F;02/1974
E1B2FC1E-10EE-4A95-8E6B-D3EE2BCEE485;Belém;PA;M;02/1997
E525C523-8761-4FBF-BB03-6319C60D503F;Senhor do Bonfim;BA;F;01/1998
5C37AF2F-CFB6-49E7-8218-9DEBAB9F8FC8;João Monlevade;MG;F;01/2003
23FC213C-A83F-4F4C-A295-C818A00B10B1;Ibimirim;PE;F;07/1995
92AA788C-F4FF-4AD7-ADC3-98443F35F946;Catu;BA;F;09/1983
56FEE1BE-8EAB-442D-923C-F898D352CE1A;Pelotas;RS;F;05/1999
5C18237A-685F-4738-B282-627C4346ACA8;Rio de Janeiro;RJ;M;03/1990
457E5A1E-F753-46F0-A714-39318E203520;Sabará;MG;F;01/1957
C7A1B55C-C192-4C27-BC71-D096A7BFDCFC;Flores;PE;F;07/1997
3F4B3112-9331-45A8-AABE-13EC5C4B1D36;Avaré;SP;F;09/1993
C169E1B5-A5FB-4F7F-90C0-262627F28B1E;Andorinha;BA;F;07/1999
964E3926-E6CD-4F0C-8277-E11307A33906;Ananindeua;PA;F;03/2003
5021154A-B8CC-42DE-B268-BA337A62D315;Taboão da Serra;SP;F;07/2000
5D022049-2C56-4BE0-AEFD-D5177CCC7A9D;Campinas;SP;F;02/2005
DAEF90DF-CADA-4598-84B6-81366FC85FE0;Vila Velha;ES;M;02/1999
1A6A8812-A1D8-407A-B626-54D58DFB4143;Rio de Janeiro;RJ;F;03/1999
66B984A5-5B1D-47B5-AB86-33A6A8174EF8;Macapá;AP;F;08/1997
AF62BFBF-8067-4694-96E7-311E78F0A500;Parnamirim;RN;M;12/1988
255EC59B-8B57-4B0B-8DB0-20083C11AE5C;Salvador;BA;F;05/2001
826BFC0E-4626-49CD-B638-68E174D9C99F;Maravilha;SC;M;01/2001
5B112AE9-A1F0-41EC-B5DD-4C4DE7333989;Paulista;PE;F;12/1971
FDC695F6-96BA-4519-8A6C-E66DF7683923;Nova Iguaçu;RJ;F;08/2001
FD00D703-5167-4010-8C6C-E12026DCADE6;Rio Bonito do Iguaçu;PR;F;01/1995
FD3A35A0-6FCC-4D5C-99C9-5D2732D278C5;São Paulo;SP;M;08/2001
A684A34C-DD50-4BF6-B2D2-1144F7EB7289;Salvador;BA;F;01/1992
677CAEF9-FC68-48B1-93CE-1287CFD85E5B;Ananindeua;PA;F;11/2002
A65BDDC6-F628-4EE5-BCB0-576066945805;São Paulo;SP;F;12/2001
CF329284-E144-4275-A20E-52BCBEEC79A0;Nova Iguaçu;RJ;F;04/1970
2FEF6C3B-D39D-4476-8023-EBC3EB5F84A3;Vitória de Santo Antão;PE;F;06/2003
3784DDA1-6FA1-4192-BA22-70878BC830A0;São Paulo;SP;F;06/1989
8CF6450B-251B-4AAC-9932-5F537F7972FC;Nazaré do Piauí;PI;M;08/1997
2C7F9375-16C3-4436-9414-5E3173776369;Andradina;SP;F;09/1984
99ECCE2D-7EAB-414F-8C7A-EBD667A3AEEF;Maracanaú;CE;F;10/1991
877F039B-DC22-4787-91DC-1D7082567168;Curitiba;PR;F;07/2004
E3468C35-B83A-4D87-9715-E5F33030B1AC;Queimados;RJ;F;02/2004
B38AE42C-B4FA-4E56-A71C-77EB31089F3C;Cachoeiro de Itapemirim;ES;F;08/2001
D73BFD2C-E044-4D1B-AF47-26531CDA57A2;Mauá;SP;F;10/1997
1CEB7C4D-7154-4D2B-AB80-5DF6E1040C99;Mossoró;RN;F;10/1998
7F700C6F-0FE1-479A-BA32-56A04FA269A4;Alagoinhas;BA;F;05/1982
CC8C20C2-066A-40E1-91D9-C1F0ACD423C5;São Gonçalo do Amarante;RN;F;02/2003
21F239A4-7783-4274-891C-A1A7CF577E79;Promissão;SP;F;06/2003
5A51F182-FDF2-44A6-A7DC-D0398FA813FF;Paraisópolis;MG;F;06/2000
64CFCA34-C19D-45FC-AED2-A7A8A1F53763;Ponta Grossa;PR;M;06/1988
A353430A-FEC3-47D2-AC98-09CD3F98E772;Palmas de Monte Alto;BA;M;02/1993
F7D608F8-20AB-4877-8677-64D93FD8DA3E;Frutal;MG;F;03/2000
2B2F24B8-D06E-403A-B62B-391FAE3EA966;Fortaleza;CE;F;03/1993
FD9C06F6-31D9-41CB-9E99-1781A5E48AE8;Bragança Paulista;SP;F;06/1994
0AE1902F-613F-42C2-9CC8-AD0AB82E9E7F;Araçatuba;SP;F;06/1978
0765B4E9-C5A2-4F6B-8DB1-DBDE30A7C200;Aracaju;SE;F;05/2003
4CB315C7-2355-4D72-9972-A74AAC5EC5A2;Porto Alegre;RS;M;10/1994
6D818DF7-3244-4DAA-97DD-4CDC4229CA1A;Itaboraí;RJ;F;05/2001
93D02E3B-FE3C-42E3-97E6-814DB3A6E88B;Manaus;AM;F;07/1999
DADC58A0-ECA3-43E7-9263-2A7C7C34F9FF;Alagoinha;PE;M;10/2002
85AB4E44-4735-48A9-BC13-86AB2951CC2A;Parauapebas;PA;F;10/2001
4F77B382-C7A1-4FB0-B7EB-9D5F88A10B16;Ferraz de Vasconcelos;SP;F;09/1999
7395E658-FE51-4ECA-BC54-C1FEEF24E49A;Anápolis;GO;M;01/1989
524DB94B-D876-4982-92AD-F11B36FC0F32;Nazário;GO;F;04/1997
973453D0-C49C-4F06-B760-36571D92D546;São Gonçalo;RJ;F;10/1971
259FFA87-CCE4-4CD4-A591-6BB9DCEE4D67;João Pessoa;PB;F;11/1990
3BC73900-8432-4170-8F21-D74C8AFA3146;Duque de Caxias;RJ;F;04/1996
745F96EC-6C20-4C09-A8F2-DA47334CA564;Piraí;RJ;M;03/1996
C4563CCF-BBBF-4498-823E-709CF2D6274D;Itapetininga;SP;F;08/1993
D11AEB34-8D81-4F39-A387-6857D6D21502;São Paulo;SP;M;08/2005
CDFF1B21-0899-4663-8F33-30C670A0E7FB;Palmas;TO;F;05/1990
B05D9911-2F72-4995-85B0-C14932A0BCFF;Duque de Caxias;RJ;F;12/1981
73B74447-260A-4260-A96A-E4889F437457;Bela Vista de Minas;MG;F;06/1986
DB95939D-DB0B-4D82-9130-6D394B335157;Belém;PA;F;12/2004
299A8695-B026-4A50-9952-54917309A60B;Itacoatiara;AM;M;04/1996
A05692D4-5233-44F5-BF17-FDD399929B5D;Governador Celso Ramos;SC;F;04/2000
9DBD6EF8-FFEB-4E44-84FE-01886DEAEFBC;Bom Jardim;MA;M;05/1995
3F033B10-B959-4A92-BF42-0316D803F2D0;Belém;PA;F;05/1998
79EF953E-C407-4C02-B64D-384FED3C8AA3;Jaboatão dos Guararapes;PE;F;10/1991
7519E2B4-B341-4968-9002-FA9641EF9BC5;Jataí;GO;F;12/1971
1A42D37A-F9F5-4F78-9055-6A1B69A9D789;São Bernardo do Campo;SP;F;02/2002
56501B9E-851A-49C5-BACE-C69EC9E13622;Duque de Caxias;RJ;M;07/1989
9B3CE11C-64F5-4EF8-988F-B89AF7E1F871;São José do Jacuípe;BA;F;08/1995
0E1B4E51-24E5-4069-A13D-AC134128A728;Guarapuava;PR;F;12/1981
D797990C-60E1-4FBC-8D5D-037F44CCCFA4;Belém;PA;F;01/2003
2662FE4C-28F0-42D0-B3F5-5D8DB2DC5EFD;Cuiabá;MT;F;06/2001
9F2B932C-63FE-40E7-9945-D8B27BFD791B;Jundiaí;SP;F;12/1990
17389887-64A4-4AB6-BCA4-A846DFD6737A;Itararé;SP;F;06/1992
255CB131-D5FE-40F1-9238-81609A965F68;Passo Fundo;RS;F;09/2001
1686FAF2-9881-45D2-982A-57C877FA823A;Ananindeua;PA;M;09/2001
8043C8FF-52C4-41C5-BC2E-F5056A37A784;Vila Velha;ES;F;07/1991
645D85AB-51C3-4336-A1B1-F0F24B7A8BC9;Itaporanga D'Ajuda;SE;F;02/2001
92A50FAB-29E8-4DE3-8F3F-F88E82E4E56A;São Gonçalo;RJ;F;07/1981
8A9818F8-60AB-4AA3-997A-9AEB030DD3CE;Nova Brasilândia D'Oeste;RO;F;04/2000
FF2236A1-6804-4031-BC68-706C6E6F44B7;Belém;PA;F;07/2002
E0776D6F-33FE-478B-8321-49B5D35EC3D0;João Alfredo;PE;F;05/2002
0A961B39-18D8-4833-B92D-7DD983EFF93B;Álvares Machado;SP;M;03/1994
3C7E594C-C4E4-42CE-A079-EA205C7DE0FE;Araruama;RJ;F;03/1996
78007F54-7463-4BBE-B58A-CD0CCE13CB9B;Socorro;SP;F;02/2001
55E1DA81-7DCD-49ED-8001-989288BBAA3F;Belém;PA;F;10/2003
4E5CE7F5-333C-4A70-B91B-E784DC6C04CD;Cerejeiras;RO;F;10/1998
944AB4B2-E606-4B75-ACC8-6217F4160D9E;Rio Verde;GO;F;10/2001
00FB6B41-07AC-401C-B737-3B9586FC3747;Feira de Santana;BA;F;09/1998
ED981B5B-C38B-4B18-BA41-3C02AE2DEDD4;Guarulhos;SP;F;11/1998
E66CD898-762E-44B1-AC48-BF04E61DA2CA;Nortelândia;MT;F;09/2002
1A28801F-55F0-46C9-A424-A4718FB93133;Manaus;AM;M;09/1999
0E237749-B403-4112-8FA9-8733A3A58E1E;Aparecida de Goiânia;GO;F;11/1996
F5F705ED-C8CE-4271-B261-F3103E276790;Manaus;AM;F;03/2002
E9A6BEFF-3FFA-4D33-B59F-FC7478948ACF;Linhares;ES;F;10/2004
D49799CB-7FDD-4A9E-B0DC-F1D71CE3D644;São Paulo;SP;M;11/1993
AF4CCB9A-037F-46DE-893A-DAD233F54178;Rio Branco;AC;F;12/2000
BF7E2C9F-F54D-4DDC-BC2C-129E2D1D9A4D;Carmópolis;SE;F;06/2002
0745515C-5CE8-4B3A-8DD4-AA0D4AF5172D;Matinhos;PR;F;11/1983
CC3EF942-4691-4244-94D7-6014B17F278B;Poções;BA;M;02/2004
6D5D732E-D13C-41EC-A13F-7364BA9F284C;Jacareí;SP;F;05/2003
15F68883-33D6-43CE-ABF1-2CBAD12BBEB5;Mogeiro;PB;F;10/2002
112EFB7C-E43E-4E0C-82DD-8B22AE68BE37;São Paulo;SP;F;09/1994
D29FC33A-5C6C-448B-9A3B-C2C5A687303B;Rio Pardo de Minas;MG;M;08/1992
9D527283-984D-41AA-B935-37DE75D59F3A;Serra Talhada;PE;F;01/2000
2DE332E2-9548-411D-B171-DC8F43A701D6;Toledo;PR;F;08/2000
8C7B34BC-C171-4F7C-988D-AD5E7DB3FED1;Palmares do Sul;RS;F;09/1985
E093F438-BC6D-4A34-BE75-722FD6196BA5;Maracanaú;CE;M;11/1984
65F931C8-8A65-4D29-B4B9-F0ECBFBD423F;Santa Isabel;SP;F;06/1995
81432BE6-7392-4AE7-99DD-081F82427064;Rio de Janeiro;RJ;M;11/2004
EEC3893A-D175-4EDC-AF45-B2848F6DD6A6;Assaí;PR;F;11/1993
58502087-BE94-4397-8578-5E77B38B4BBB;Ilhéus;BA;F;08/1990
CA431798-81D4-4891-9773-7F07F8F5246D;Altamira;PA;F;06/1982
B57531BF-E4E7-4087-A2B4-32C311D0C4E0;São Paulo;SP;F;08/1996
39AF7039-6CF0-47B9-8203-303A3C5D30A5;São José dos Campos;SP;F;11/1995
5E3B177A-5859-4800-9833-10FE22724D2A;Porto Seguro;BA;M;02/2005
EBA5D31E-5B83-4230-970B-DBEC1CB96A7C;Heitoraí;GO;F;06/1999
88CBCFD0-D34D-4623-B157-377CEBA5BB99;Limeira;SP;M;07/1998
B86CFF20-D63A-4750-B195-D47EE7CD7865;Aurora do Pará;PA;M;06/2000
CE0EC089-11D5-4B00-88FE-E78A8C9B9F6D;Contagem;MG;F;03/1995
F14843F3-1418-4D4D-853D-77B0D127D4E4;Jaborandi;SP;F;01/1987
F44A0C16-40D9-4230-86D6-2F14AF6D2A52;Três Coroas;RS;F;03/1999
04510D94-C62B-422F-8F38-E67ADFDB8B7A;Augusto Corrêa;PA;M;11/2004
471D768F-8C5B-415A-8539-584E9BC271AD;Osasco;SP;F;07/1996
143BAAA8-1DA5-455F-9318-A56649362F3B;São Paulo;SP;F;02/1980
2D40202D-3BAD-4C19-BCBB-0674B5CDC7A4;Maceió;AL;F;08/1996
E8EAC858-749A-4ED9-AFDC-77CAF7A927A5;Jaú;SP;F;11/1997
CB8C2A32-5FFD-4B56-A8ED-F7812C16D9D1;Duque de Caxias;RJ;F;09/1993
4D932A5D-D754-4F8B-8A62-149F0B1CE7BC;Viçosa do Ceará;CE;M;02/2001
65AC6226-54C3-4C60-8CB6-B810172F93BC;Belém;PA;M;07/2006
2B19379D-A038-4A0D-802E-F4EF70AE8814;São Paulo;SP;F;11/1980
13DCB5BA-82CF-4012-8EE5-99CE7FC537B7;Curitiba;PR;F;04/1986
E4936A5B-948A-482A-AA77-F1B00A16B5FB;Maceió;AL;F;06/2002
7214631C-04C6-40FB-B5A6-013316B51861;Arez;RN;F;08/1999
A6B824BE-977D-476D-B638-DC78A96C7F05;Januária;MG;F;05/1991
CEDD0424-9EE7-4F64-9EB7-B7A7221F5F39;Rio de Janeiro;RJ;F;03/1978
CCBAAE90-0D93-48F3-BA65-646322846EA1;Manaus;AM;F;01/2001
3C9878B0-E668-425A-9D96-C9E88CA6621B;São Sebastião do Paraíso;MG;F;08/1999
26053D05-FA46-40FC-8188-FB0850652792;São Paulo;SP;F;04/2003
EA9832DA-8E8E-4144-BC80-F060008AA61D;Cuiabá;MT;M;04/2003
FB213B05-33F3-401A-9EF8-FDAEF8FEC9A6;Embu das Artes;SP;F;10/1992
09046199-18C5-4E18-94F3-83702A8241A7;Guarulhos;SP;F;09/1996
F08BAD43-0939-4802-80E5-5C5311E6FB4A;Guarulhos;SP;M;03/2006
8F8E5A49-75DA-41D1-8364-83908A41EC5F;São Luís;MA;M;04/1985
2A39BCEE-02D4-4625-8A56-0CF1123DA288;Belford Roxo;RJ;F;01/2004
29B7BC8A-A78C-4977-A025-352F8F4D9A3D;Guaíba;RS;F;09/2000
717582F3-DA48-419E-AE3E-004CE77C7002;Esperantina;PI;F;03/1994
212C30D6-0FF4-4C52-AADC-7D232ED260DD;Nazaré;BA;F;02/1992
0ED1897F-FA42-4104-B9C4-96B28BE25819;Pedra Bela;SP;F;11/1997
C8FC4056-D5C5-47C5-9AA7-E18CC7D57146;Fortaleza;CE;F;03/1975
CE2048BE-0BD4-4D76-9A6C-4366A884C6F5;Rio de Janeiro;RJ;M;07/1999
7E1CFBF8-6F84-4C35-B252-996CA2C0C9EE;Campinas;SP;F;04/2005
26F1791E-4982-4D35-BA6E-C80E856BBD23;Cajati;SP;F;05/1987
20D41462-A0AA-4627-BBEA-C884BB5F2400;Paranavaí;PR;M;06/2000
64E1A41E-99FA-4C3E-9B04-57B56597CFDE;São Paulo;SP;F;09/1997
E0D1FAEB-2409-4432-B437-85E80AB72F2D;Manaus;AM;M;03/2003
C0BE8541-6305-4863-89C2-EC26C1FBD890;João Monlevade;MG;F;06/2000
536369E1-0CC0-4119-8114-9C665D3C65F1;São Paulo;SP;F;04/2001
7C63B6F2-FBA7-4FA6-9986-632F2C278B6C;Salvador;BA;F;03/1994
0CA8CDA8-2CD9-41D3-939E-85A7320599A3;Carmo da Mata;MG;F;09/1991
67D6890D-A35B-4ABE-B038-50C59EB787EA;São Paulo;SP;F;10/1990
B354A070-6FDE-48C3-B0A1-EC8D8FDDA12F;Porto Alegre;RS;F;12/1999
50480440-52CF-4648-9B46-0D7EC31E49D5;Maceió;AL;F;04/1997
9AC164A7-676C-4B7C-897C-63395F35F639;Aracaju;SE;M;06/1999
EF747603-13AD-4972-9FD1-40191AB7B7CC;Manaus;AM;M;10/1992
ED84A7E9-817E-4035-9FB7-6B184B74C4D5;Suzano;SP;M;11/1993
9FC288E7-B813-46E5-BF29-2DC2DCC4ED93;Dom Pedrito;RS;F;02/1997
2D90B06F-5B00-45B6-83B1-99E2D93C61D7;Camaçari;BA;F;06/1998
46FE508F-E7E0-4FB8-8C3D-F7B88A4516CC;Almirante Tamandaré;PR;F;04/1998
D1D95482-3559-410A-9563-F406C1D2D80F;São Vicente de Minas;MG;F;11/1994
88D91E7B-26C6-4CF2-88F0-59DDE146D254;São José dos Campos;SP;M;09/1995
9444A3DA-EECD-4FD5-890C-03230EF266E8;Franco da Rocha;SP;F;04/1985
33872473-1F6F-4F75-84A8-CEAFBC69B3BA;Nova Iguaçu;RJ;M;10/1993
0A082BE5-1750-44E5-BBF0-9A275CC3E3B5;Manaus;AM;M;06/2001
9EF77E45-E57C-4FDA-9307-7C7555D6D1E6;Cláudio;MG;F;01/1982
7C390BBA-9CC8-49ED-8A9B-A0B7FDB33E9B;Guarulhos;SP;F;01/1998
D61461B5-3D0F-4439-A3F5-43A2A67D4FBC;Jacareí;SP;M;11/2005
432E28F6-2F28-406A-BE39-5B6268E6A0C6;Passo Fundo;RS;M;01/2007
A2A2C015-E727-4018-9D2D-89214F051333;Guapimirim;RJ;F;02/2000
58FA04BC-F818-40E5-A80B-25CA4E84D23F;Salvador;BA;M;11/1996
C7218BEF-A7BA-4819-966D-86293108CC79;Santo Antônio de Pádua;RJ;F;03/1978
7A60A30E-461C-4A5C-974C-A46CD773908D;Guariba;SP;F;01/1985
6166294E-FEBA-46D7-B8B2-CCBC056DC199;Marabá;PA;F;11/1996
01EC906E-D9D8-4914-83D6-B58344CD9281;Ananindeua;PA;F;12/1997
4F4BDE23-6511-4B90-B210-3EC0CC4D757B;Teixeira;PB;F;11/2000
76633D88-BD51-442A-A92C-1F2BD0E9FEF7;Nilópolis;RJ;F;09/1998
E0D4D088-6ADF-4621-A469-36E2DC398FF7;Manaus;AM;F;10/1999
9F868A69-9DF0-49C3-A1FF-46597A68B472;Duque de Caxias;RJ;F;11/2003
17FD8308-9B89-4BF0-828B-04A671686367;Arraial do Cabo;RJ;M;08/1990
0BE68D2D-1314-4CFC-9572-C8CADC248AE5;Belford Roxo;RJ;F;07/2003
7355CF4F-34D0-4A44-A90C-9C184216D0B3;Belém;PA;M;12/1990
4F17AA14-A93A-4005-B254-5A64C8FC2A3C;Maringá;PR;F;01/1995
1CEB39DE-34CC-4ABD-802D-9AFEE964FC75;São José dos Pinhais;PR;F;07/1997
ED1534E7-5E7F-4EF9-A38B-5FEE896FED83;Ananindeua;PA;F;10/2002
ACA916AC-D6DD-42F4-B720-CE6E33CFFD5F;Colombo;PR;F;04/1953
D79ED2BF-C15A-4A9E-BB7B-519282F6FBD1;Rio Grande da Serra;SP;F;03/2004
16261664-E6DA-40ED-B209-2D064F397BB7;Marabá;PA;F;12/1995
2A63253F-81A0-4322-BC4C-28B46C4BE3E7;Coxim;MS;F;09/1999
6E3A0F17-3BEC-45C1-991A-50AD5E55AD24;Andradina;SP;F;10/1985
0AFFF75A-0F61-4362-86BE-5C95C283152E;Colatina;ES;F;03/1999
498F636D-6D02-4910-AA07-B10E0F201B6C;Itapira;SP;M;06/2002
6508AD6F-DA6E-4F5E-83DC-7BFC9F968C8E;Ibitinga;SP;M;07/1991
98AF516B-6B82-47C5-A0F3-6264DB5B220C;Cristais;MG;F;12/2006
8DA1A109-2AF5-4ED1-9A6E-C8D41C7ACA47;Resende;RJ;M;12/1993
6CB8823D-886E-4732-A27D-4B4986027990;Macapá;AP;M;11/2000
E412A2CA-F569-48C6-8436-8EF3A28E44DC;Jaguariaíva;PR;F;02/1990
7CE14DC9-D766-4930-86A3-7DF1049E9285;Pomerode;SC;F;12/2004
89EA7506-C10B-459E-A00C-9BEAEA76BA02;Jaboticabal;SP;M;02/2003
3DF69BEB-5CDC-4267-8850-17BDF5A5D180;Belém;PA;M;11/2000
8A9A4E86-06D0-45A5-B41B-F7F32B963E3C;Paracambi;RJ;F;03/1966
D312D015-305D-41F6-BE00-A24B37133B86;Ouro Preto;MG;F;05/1997
B274CEC7-BA5F-48BF-848A-8264BF3E9CB7;Paracatu;MG;M;09/1996
C938A7EB-3C15-4177-9F05-F14ED595C368;Tamandaré;PE;F;12/2003
8005A7D5-828E-4977-9EEA-FD7AAC7665A3;Belém;PA;F;11/1994
ADE0BBD2-EFC3-4579-B4CF-9CF6AE3289B9;São Paulo;SP;F;01/1986
62DB06B8-C690-4EE2-A829-A5433C013B96;Navegantes;SC;F;12/1992
35038D58-BD6F-428B-88CE-2897FF5755CF;Mogi das Cruzes;SP;M;05/2000
EA87AB64-4993-472C-ACF6-8C1AD17DEC11;João Pessoa;PB;M;11/1999
AC0AE194-7646-487D-8A51-02FE60238E62;São Paulo;SP;M;01/1999
76B16619-287D-4A2E-9047-C04A6C8C67BD;Viamão;RS;M;02/1998
